first_name,last_name,id,idType,telephone,address
Osmund,Ghiron,7430028470,2,3601214636,Kip
Grady,Akett,2480258890,3,1756528527,Margarette
Silvan,MacParland,3047953244,1,0964215675,Russ
Archibold,Eby,3608757570,3,2078645516,Chloette
Vladamir,Searby,1963448758,2,4059474258,Ingmar
Arni,Catling,6665105229,4,4494939471,Kathrine
Hendrik,Robshaw,1430578386,3,7686593347,Bud
Madelin,Duckham,8648630835,2,0033977445,Thomasina
Marina,McCrackan,7272905921,4,4024943812,Zahara
Ethelyn,Ossulton,4247899392,1,6803234215,Karoly
Walden,Patillo,5696118178,4,3151412696,Andris
Letisha,Fitchet,7154864281,4,2598501926,Dilan
Emmerich,Brandenburg,9495786487,1,4570815332,Michale
Meade,Cod,8323476470,4,0534295800,Giacopo
Rina,Greatbanks,6767146242,1,3289708977,Robers
Agnola,Babar,4410184865,4,9130429927,Gayelord
Terrel,Blockey,2816486427,4,8448491602,Jameson
Tony,Heys,6526078044,1,4749389285,Vincents
Libbie,Eastup,4806244708,4,0856597139,Maurene
Florinda,Pickton,8583941181,3,7695430366,Wilton
Xenos,Piner,5222929884,2,5434137299,Eduardo
Valerie,Storey,6736183855,2,2744957720,Tilly
Nye,Barrus,2830695941,1,5983708643,Edyth
Petronilla,Heaker,4888963746,2,6356677430,Dalt
Lorianne,Ogilvy,8222584820,2,6824076627,Adolphe
Lolita,Millam,8832712792,3,3778295888,Fan
Francesco,Darragh,2481085159,1,0899788343,Laurene
Moshe,Rabier,0644723726,2,4638028217,Wilhelmine
Libbi,Marsy,8621561158,1,7790371002,Rakel
Kristopher,Aves,0713210702,2,9957235958,Dominique
Gisella,Truett,0268348855,1,7305229873,Belita
Bale,Schober,1976788951,3,0754466779,Corabel
Kaspar,Medcalf,7740861278,1,7768127536,Rheta
Denys,Bromehead,4168937291,4,5803423734,Arny
Davie,Driffield,9495738466,1,6631497663,Riannon
Susie,Castilljo,5295751716,4,0302484035,Maryanne
Phylis,Martschik,1323472584,4,7467414439,Rossy
Catarina,Barwell,1416756698,1,5694618203,Tabina
Kaitlin,Lattka,1406357936,3,5085370503,Hilario
Mischa,Crowcroft,2567004009,4,7769847443,Jackie
Brittaney,Woodyear,4481083905,1,8685914590,Kellen
Jody,Jaquin,8191614766,1,1610430875,Anna-diane
Pearla,Greene,1218527056,1,3903415871,Hobey
Kissiah,O'Rafferty,6299722495,1,1699004722,Jerad
Tabby,Roskelley,7621486775,4,9495974917,Marya
Charis,Medgewick,2687123110,4,8234758691,Isabella
Brandy,Gerler,9255722689,1,9501124614,Jillayne
Alyda,Stronach,9141883047,1,7558922186,Madison
Frederica,Vigus,5378658373,1,2869859163,Geordie
Osborne,McCuthais,7015061732,4,1872981690,Yettie
Rowen,Targett,3497133043,1,0617995338,Portia
Blake,Beswell,2932376802,2,5429564141,Carolin
Danila,Groves,6153845258,3,2407365526,Virgie
Alysa,Boyer,8808485978,4,9151958783,Lucas
Christiana,Copnell,0111348781,2,3785850743,Rodrigo
Aile,Lippiello,8354953912,3,2534463020,Roy
Olivier,Peetermann,5668766772,4,5689335207,Nicoline
Salmon,Demeza,1167521927,3,4593247977,Jewelle
Adair,Fairs,9601559957,2,6595896281,Amata
Ezechiel,Eva,5329307678,4,2214534148,Gilberto
Cathrine,Greathead,3093445736,1,0548506019,Nicki
Moise,Astin,9699674164,4,5411561655,Cherise
Ron,McLennan,4085520202,2,6727239827,Faydra
Niki,Delooze,6879871852,2,7354341967,Fredra
Garnette,Bear,2009737466,2,6222361137,Conny
Audry,Wisden,5870383765,4,7409334479,Welsh
Anthia,Petersen,1311542132,1,3988747785,Scarlet
Britte,Gosby,7855233725,2,9493935531,Michelle
Dewie,Cotgrove,4693054453,4,7148040582,Petunia
Arvie,Sidon,3055293126,1,7494413286,Grady
Marcile,Paradin,0783118813,2,2516298714,Verney
Hedi,Jentzsch,5151525336,2,5640366516,Elset
Neile,Yeomans,3811718835,1,6452329863,Hubey
Maurise,Foulks,1778322395,1,4086611481,Gallagher
Ivor,Laughtisse,7207487584,1,6499890081,Gianni
Barrie,Brabyn,1589545168,4,9170725195,Bebe
Letitia,Hargraves,8337573236,4,8496807584,Koenraad
Rafaela,Speek,5008251325,2,6653419762,Frieda
Tedie,Skeeles,9795146157,1,1086401670,Janeen
Henrieta,Ewington,3445708185,3,0541892886,Bert
Scotty,Cawthorne,2199428842,3,6895128522,Beckie
Tine,Node,1072704722,3,3423272252,Alastair
Miran,Tomkies,7996280657,2,4706885116,Tomaso
Free,Bizzey,3752091681,3,0411755404,Fredericka
Yurik,Tallyn,4178971328,1,7574839514,Findley
Yule,Zettler,0429023200,2,4273148005,Colet
Clareta,Mirralls,0748260854,4,4511084459,Tuesday
Ezechiel,Fuzzey,2569265993,3,6726976933,Eadmund
Latisha,Sporgeon,8226307333,4,5802019360,Berk
Clint,Brandi,5971413635,1,9390447321,Temp
Johnny,Hugonneau,6833861293,1,8861796613,Jacquelin
Aurthur,Duffus,8425947987,1,7280382886,Mikkel
Eryn,Formie,5379426557,3,5458729498,Hebert
Carolina,Andren,8956038139,3,0227840593,Grace
Cristy,Conaghan,6933052206,3,8490737428,Kiel
Gaby,Skellorne,7337574916,2,1028881045,Radcliffe
Chrotoem,Surtees,3618704151,2,0543635732,Miran
Andreas,Woodison,6134532711,2,1605532738,Joleen
Giusto,Fellona,7195816362,1,3491404711,Christopher
Coralie,Marchant,5421408620,1,8776591328,Monika
Kass,Tocqueville,7597145241,3,3091968758,Vidovik
Noni,Durnall,7298326007,4,1421630001,Vaughan
Darci,Mitkcov,1208801058,3,2738633951,Orland
Daryl,Fagence,5452164650,4,5444612356,Imojean
Paddie,Esley,0465470874,4,0598081062,Charlton
Dallas,Revan,3373521270,2,3561582923,Gustavus
Hilary,McCurtain,6951388652,3,6662097683,Dael
Dagny,Scherme,6603840367,1,7363023395,Paulita
Anastasia,Schoolcroft,0909072736,3,6040521562,Gabi
Mab,Haith,2104313619,2,1095398415,Garald
Jeddy,Kean,6735469259,3,3570736784,Melisent
Marta,Kuschek,8032728856,1,3495904573,Meridel
Charin,Hardin,5253119388,4,9835485119,Ardelia
Valaree,Bonhill,2766853863,3,6838363100,Ara
Kilian,Flute,1074785630,2,0545528968,Rayna
Ailene,Sieur,4851806086,3,4640142455,Thomasina
Jeno,McDougal,4012532030,3,2572732726,Casie
Yvor,Meys,5081685291,2,2226758089,Shell
Vasily,Druitt,0683026267,1,9725351789,Evelin
Kara,Alpe,5963195802,4,8637216722,Rafaela
Andrus,Verlander,5182515405,1,3970357381,Estrella
Lothario,Spinello,8663631685,2,0971136440,Chen
Windy,Luffman,6814727056,4,3733711394,Garreth
Dierdre,Callam,0686939654,2,9605012499,Bale
Edwin,Tarbatt,4240386675,1,5705888457,Aida
Xaviera,Parlett,2770760440,3,4020385718,Rodrick
Hans,Jennrich,8328778858,2,0972628746,Olly
Cherri,Pinchin,1401801331,2,2215025158,Lezlie
Kelsy,Pikesley,4297815648,4,6659224963,Yulma
Shandee,Horley,2488994944,4,1863491228,Wilden
Lazar,Hendriks,2629927563,2,6306979247,Elroy
Bart,Corkish,8983737379,2,7760034377,Emmet
Gaye,Macveigh,3560228212,2,4639502028,Nadine
Kameko,Sellek,2976003645,3,7115695113,Aubree
Lindie,Schonfeld,4553823675,3,8833313905,Harbert
Joelie,Butt,0223412244,2,6381156376,Addison
Elfrieda,Baldinotti,7823963213,1,4567280032,Arv
Deane,Thompson,4461439534,2,0289100801,Shelly
Sindee,Ingle,6183278327,3,8781779836,Brinna
Iorgo,Payle,2138118673,2,6350865200,Cyril
Hillery,Standbrooke,4986399527,3,6243940136,Alphonse
Barry,Boggis,4378506262,3,5842386909,Micheline
Sanders,Waterfield,3803925266,1,7332650533,Randolph
Sigmund,Clapston,9943642971,4,6092301482,Shani
Debora,Baum,6867642314,3,8040758726,Frieda
Wilbur,Binch,4037833409,3,1030188351,Nanci
Donnell,O'Cahill,1037869362,2,1847802966,Conrad
Dede,Pepall,1556136579,1,4186094357,Cyndi
Mathew,Bougourd,5985209253,3,6416863650,Cassy
Jock,Alliot,1892259664,3,2756530530,Marcie
Martyn,Starten,4908959250,4,6728432272,Ailey
Belle,Shilton,9206874918,3,9248140858,Asher
Hartley,Kisbey,4764392119,2,2737343259,Cherice
Benni,Readett,6144973427,2,1026981131,Clerc
Margarete,Quarlis,6458512708,3,4267126607,Aeriel
Florenza,Brookshaw,0685207358,4,2068733161,North
Felic,Chilver,5231692190,3,4952312860,Reeba
Amelina,Earp,8060485121,4,9710139258,Linnea
Edythe,Peile,0449583813,2,7068181287,Ania
Dael,de Guerre,2211392199,2,7263941341,Elston
Weber,Fateley,8612071585,1,7563598634,Anna-diane
Codie,Dmitriev,7985072764,4,4308589339,Daniela
Silvio,Gooms,4503125354,3,8702278626,Avictor
Clive,Armiger,2336021234,4,9987603009,Hazel
Gregor,Barrie,4320277147,2,2899935100,Thaine
Tristan,Snelgar,1404490671,1,7440548469,Sidonia
Jarad,Purser,4436509737,1,7316791799,Niels
Richard,Pettengell,0288396553,1,3669778101,Normie
Bent,Olenchenko,7092011426,3,1557364176,Esteban
Modesta,Soitoux,0883235005,4,6542820175,Ibrahim
Osborne,Ellyatt,4256000291,3,9535680447,Marlo
Roddy,Fearby,0372238521,3,5076954824,Arnaldo
Leila,Scotchmoor,5624877420,1,7137480179,Deirdre
Al,Marjoram,6994052575,2,8513004510,Emelina
Hortense,Treswell,8767785999,3,5783468053,Hill
Julie,Garlant,9725366336,2,8766375908,Maurine
Jeanie,Darrington,7679434980,1,6836132748,Benedikt
Francyne,Leel,2215641606,4,5441189339,Minni
Carlo,Gendrich,4768069452,1,0929949781,Raleigh
Thacher,MacGeaney,4875691157,1,1887238182,Tony
Neils,Scading,8078424574,1,1704028302,Paolo
Rouvin,Bissatt,8757099197,1,2569436402,Belita
Quint,Eginton,7288040771,2,6260558546,Kellen
Davida,Tollit,7293674627,4,8963908437,Annabal
Isis,Mc-Kerley,4908065527,4,7880329218,Harry
Jack,Giovanetti,4824358663,1,5848599645,Yelena
Karel,Wither,0657072842,2,4018604114,Kelli
Isis,Stockau,6883882685,2,4843812242,Freddie
Kira,Alcido,5410207130,4,2854488873,Emelda
Arliene,Tootell,4988521877,1,3017205843,Pryce
Arabella,Lockey,0033437718,1,6044965791,Augustina
Simone,Eykel,4580028392,4,0941285235,Jamil
Obie,Kores,0889379076,1,6774739113,Lorenzo
Bonny,Imason,4047588512,4,5858030572,Ivonne
Gasper,Doornbos,5075354157,2,2225194548,Morris
Barron,Ivakin,3883460818,1,1041562454,Sydney
Hannah,Emsley,1520004303,3,5811059108,Liva
Elena,Georghiou,6089182362,2,7380825852,Prisca
Morty,Kinghorn,4541800748,1,3499626608,Roldan
Claresta,Brazer,4635276643,3,1389598349,Micky
Elsey,Coite,4387636947,2,5812466556,Gwennie
Percy,Janaszkiewicz,0290653274,3,1443466239,Bob
Katherina,Lakenton,6129756380,1,9438623485,Gianni
Waylen,Cockerill,9458296277,4,8357222250,Alyss
Mathian,Kempston,3560068118,2,1809280036,Suzi
Sheela,MacTeague,8832330016,2,0324261446,Kaiser
Ennis,Jencey,5001796369,3,1144751926,Morley
Marisa,Kunz,5202166532,1,7461119184,Phip
Sharai,Fairall,4884967348,2,8061617544,Legra
Zorine,Wildin,4090857074,4,0256127123,Derrick
Maddy,Norley,5864748757,4,3862552381,Marillin
Roshelle,Argyle,6719254340,2,7663416627,Missy
Dasya,Trenholm,4627225407,2,7249344161,Rosina
Derril,Lyven,0089263693,4,1290847843,Maureene
Constantia,Startin,9820294231,4,3673315234,Janey
Hanson,Ryves,1948669447,3,9026931220,Theodosia
Jozef,Rigge,9851173533,1,2713631637,Jonathon
Duane,Hince,2145169830,3,4429942196,Lotta
Flss,Preddle,2999962479,3,0604399367,Christiana
Madelene,Haysar,7159611969,1,6946967844,Lelia
Farrand,Stein,0273416413,1,8023075284,Clem
Roger,Filipputti,9258587359,2,9739475469,Verile
Darcee,Elflain,0631957049,3,3158723328,Cort
Jeremie,Maybury,9599367480,2,2869222629,Haywood
Giana,Baumert,0503792780,3,4001894130,Gabrielle
Minna,McGinny,5613009805,3,5707283013,Ripley
Merle,Muttock,8160040407,4,9145874972,Les
Ettie,Allott,0752201387,3,6928720484,Ann
Hashim,Gorvin,6911387906,3,2678778304,Kendal
Ennis,Hawkett,9421968190,3,3753968161,Arlene
Massimo,Duffil,7238488884,1,4956061048,Callie
Andre,Antley,9303498798,4,3815378567,Jeannine
Lowell,Deehan,0678933561,3,3658674547,Mireielle
Marcela,Potell,3609158301,3,5889367005,Ester
Nathaniel,Tidball,9555073031,4,9912535294,Philomena
Bentley,Chawkley,0165950412,1,8146316964,Rori
Melita,Dumbar,5243671541,2,5034459981,Lydie
Isahella,Matthew,3555155873,1,7021056621,Vincents
Michaella,Peinton,1293778907,2,5020037362,Moise
Henryetta,Ciottoi,2407613457,4,6370869929,Ragnar
Shirley,McLagan,0185511872,4,5583062185,Bobby
Donovan,Segebrecht,9746065211,1,7017511409,Maureen
Romy,Dyble,1329444507,3,9597196557,Brucie
Hatti,Redholls,3025985364,2,5481125528,Abigale
Olivette,Monshall,8731779913,3,5030102795,Krysta
Dorice,Noorwood,9723152967,2,9175385767,Llywellyn
Carlina,Aslen,4969037345,3,2332624422,Bamby
Guglielmo,Labitt,3268808905,4,7949361956,Clara
Yul,Eatock,3675186342,3,5589180317,Stanleigh
Jeremiah,Carter,1428989285,2,1412413311,Conney
Abba,Taffrey,6176038146,1,9042303484,Russell
Angie,Reith,7584300456,1,1338201905,Cammie
Richie,Forbes,0375163638,4,2163414442,Ally
Jeff,Berger,1820101800,1,9629587173,Arnie
Wilbert,Inworth,1347453954,4,3417715245,Timmie
Sheila,Micco,5628877697,4,1956752560,August
Tanya,Van Driel,4557135862,2,1797750542,Dorothy
Benni,Carek,6353788282,3,7387343667,Cheston
Udale,Reading,6788949999,1,6881305389,Rebekkah
Kenon,Grent,2628195852,1,2716048630,Royal
Vinson,Bysaker,4552288148,3,3689425778,Gladys
Goldie,Shire,6663490559,4,8347813140,Conroy
Rodie,Fairfoul,3757676211,3,7518990881,Murdoch
Brina,Sheaf,1409463761,2,6745613379,Hernando
Merrile,Scholard,6905354082,1,2067362933,Eziechiele
Vaclav,Elger,9291967092,1,3211859454,Evaleen
Cecilio,Cleator,6330717621,1,4731549272,Mauricio
Jasmine,Karsh,1904592635,2,4255885834,Albertina
Brittan,Domoney,4321242398,2,0845041568,Brennan
Carry,Parsonson,8714276607,4,0915100215,Pamella
Antonina,Spata,8261714586,3,9584221124,Kerr
Archy,Goldsack,8573502355,4,3644511152,Nikolia
Tess,Wrightam,6169740493,4,2538428777,Vania
Alasdair,Broun,3556811464,1,4402440890,Abagail
Aimil,Churcher,9096533038,3,9446102553,Tomkin
Desirae,Lamont,5948854000,2,7347037212,Danya
Shepard,Lorne,2811721010,3,7446954299,Stormie
Jeniffer,Basilio,8136422265,2,9957483153,Arney
Hannie,Cleveley,5785723476,2,2880440181,Virgil
Nike,Gaspar,2584605244,3,0675257573,Clayton
Marshall,Eustace,9255410121,3,4490775725,Aubrey
Irv,Angove,1959202499,3,9650196552,Stephie
Oswald,Andreasson,5036859049,2,2026543593,Joycelin
Dehlia,Lidgley,9197394505,3,6977833491,Lamar
Isador,Northcliffe,4659093727,3,6797610583,Rodolphe
Ofilia,Dunridge,7543337908,3,5143376653,Jeremiah
Delainey,Blow,3898931595,1,4548293035,Lorenza
Dredi,Meaden,9206382748,2,2097092144,Odessa
Amalita,Featenby,9083898032,3,1947121324,Ive
Belita,Jobbins,3309358305,4,6932339064,Siffre
Kerianne,Pigeram,8725220993,1,8879041657,Cass
Towney,Kinton,3491321069,3,8252138470,Cozmo
Pip,Faircliff,5284372395,4,6877230981,Emanuele
Ezmeralda,Congreave,8035414070,3,1493102079,Aleta
Netti,Scarf,3100516907,1,4560878323,Debra
Kevyn,Kingham,9644587472,2,3148701313,Grenville
Delbert,Roberti,3648299026,1,0768970474,Moshe
Isobel,Aynold,8548214767,4,8904706122,Klaus
Angelico,Childs,2212917694,2,1811832091,Brose
Elwyn,Sallinger,9171905146,1,0709559658,Elvyn
Brok,Kennifick,0806959150,3,2728072043,Melly
Bonny,Caff,0660504138,4,5074079209,Carling
Sampson,Gouthier,8215804241,4,7795151965,Fred
Olivie,Grigoroni,0342326260,4,0725995289,Lorrin
Theodore,Craven,1791726747,1,6832341806,Georg
Denny,Moss,1526737787,4,0179787497,Lev
Quintus,Nardi,5291001356,2,2558086421,Teddie
Ephrayim,Espinel,3354080590,1,8176032646,Lew
Bevvy,Pock,3455621538,2,5958397737,Gabriel
Angel,Carbine,6734389332,1,4086276313,Trent
Barth,Dobbyn,6627161273,2,0193005638,Marvin
Morty,Rude,6059253458,1,4516179687,Susanna
Selina,McGavigan,8394969895,1,0551743778,Kristel
Paula,Angrick,7126032552,1,8616750339,Karyl
Helena,Welman,4932259727,1,0536670951,Sigismond
Darelle,Bittlestone,4591042421,2,0494184892,Koren
Bendite,Kenelin,5569148140,1,1907308830,Evangelina
Ebonee,Huyche,2439360309,4,9188808912,Marjy
Mufi,Ciccarello,8622056104,4,3256405371,Gertrud
Reggie,Tweede,5422552571,1,7302031045,Skipper
Jacenta,Deaves,2050840128,2,2344148396,Dud
Denver,McCraw,8990470315,1,1537507117,Atlante
Angel,Colaco,1238697186,1,2990908072,Inigo
Cymbre,Baudou,5928867158,3,8736780537,Abner
Evangelia,Zorzini,1641361220,4,3134611643,Veronique
Garald,Maypother,2114167720,2,5127236729,Nellie
Martguerita,Baudou,8701944088,2,8975540693,Gill
Gregoor,Edinburgh,8265346557,2,9409110688,Abra
Thorny,Biggam,5391221226,3,2411936125,Stevy
Saxon,Carwardine,5821220742,4,9955357258,Johnathan
Orlan,Bake,8960546143,4,8706144640,Leopold
Jasun,Nasi,3999956860,4,9576325781,Edee
Gretal,Setchfield,7268228007,4,7243545173,Rafi
Beverly,Spurdens,4686504023,4,0961033738,Jareb
Charline,Ducham,0144621932,1,0525094954,Kimberli
Lea,Nortunen,0849783933,2,1700806629,Vaclav
Kerrill,Hinge,7704592432,2,9564065445,Alfy
Solly,Oaks,7247815078,1,8612659698,Corine
Shela,Devey,7402645002,4,2967269069,Bessie
Doralynn,McVrone,0783259395,1,2880620805,Laina
Malorie,Burchett,4535825661,1,5283651975,Cy
Hayley,Ciraldo,0539416215,2,5963659752,Viviyan
Vincenty,McAndrew,0574248293,2,4703168235,Hestia
Zora,Antoney,6601746312,2,4647811212,Steven
Angelo,Houlson,8265303068,2,0674187377,Tate
Sinclair,Sarjent,9663857544,3,7192374369,Gratia
Jody,Joslyn,4825126170,3,5095358832,Konstance
Ilyse,La Wille,8251620422,4,8528799336,Vonni
Costanza,Bondy,8540055651,3,2268003108,Gayel
Ebenezer,Webbe,1289090653,3,6066252313,Melinde
Clare,Kadwallider,6360804808,4,4042578411,Camey
Matilda,Bernardoux,0315138696,3,2159952834,Vasily
My,Whiteland,8468832308,3,5131617235,Prentice
Bobbi,Dawber,5801314598,2,8293981415,Ofella
Tremayne,Gaitone,2318557330,4,7988019813,Maurita
Babara,Whate,7565309486,4,2811905529,Cullen
Kristi,Kleszinski,2864042770,2,5547397156,Free
Dag,Bamlett,2356997695,3,2417106809,Bealle
Gale,Fooks,9840228285,4,1176624741,Hebert
Arvy,Jobbins,2116563844,4,1730056059,Jayme
Felita,Charman,4727225247,1,7493692025,Farrell
Helli,Noone,3736941366,2,5530719503,Cindie
Tammy,Evemy,4131355469,3,6015525541,Lucila
Sunny,Gaveltone,2440697958,3,9717983461,Adorne
Neel,Rubenchik,9148861251,2,4787275275,Roz
Elsy,Ganiclef,3669715630,3,6221991641,Benjie
Ker,Castiglione,2161394614,4,6684093281,Erik
Sigfrid,Ragbourn,9453616486,3,6819341725,Cherice
Ninetta,Aymes,3020252547,3,1832482529,Gabriella
Kelley,Danilyak,5405969028,4,0364337281,Jennifer
Vidovic,Hartrick,4655360925,2,9466089838,Colas
Laurette,Deny,1635937132,2,6866654254,Drucie
Bernelle,Skirvane,4159328601,3,8385576509,Prudi
Ivette,Palek,5539482255,4,0562898751,Page
Eolande,Albrecht,8760035072,3,2418317730,Marquita
Constantine,Job,7048583010,4,5396801808,Fidole
Antonietta,Brayford,2015304479,2,0286508842,Addia
Bradan,Dryburgh,1353367339,3,4081899681,Beckie
Calida,Sidon,3350459064,3,3915920487,Jacklin
Gilberta,Driver,8037131599,1,4262658058,Yale
Avigdor,Gabala,0029225280,3,5487001367,Alika
Christophorus,Gini,0351593306,3,9113640526,Barth
Nevins,Pashbee,1533968152,3,0921373619,Fanni
Fina,Lonergan,6935384370,2,9681231309,Daffi
Lamar,Moorton,2422823882,1,6285857377,Fonzie
Bartel,Haslen,7257381933,4,8155349934,Nerita
Lotte,Davinet,0564128236,4,7162253792,Ruperto
Ely,McCarle,4486989988,2,1131269985,Joline
Lanny,Kaas,7268282850,4,7011903097,Marysa
Norine,Irce,6701832210,3,4454988005,Blithe
Kary,Bertl,2928119868,1,0876102593,Ilyse
Odey,Stansbie,4271153451,4,3139227582,Crystie
Fairlie,Domleo,7461165194,1,5515985052,Lenette
Lenci,Grain,9722048376,2,0690906498,Rani
Morna,Fennelly,1276440219,4,9957114794,Kelly
Anetta,Dehn,3307717677,1,7073368284,Silvan
Hallie,Skuse,1277280584,4,7317554820,Batholomew
Grange,Galler,2148166174,4,5629204580,Almira
Gabbey,Storkes,6875158744,3,3082722652,Delinda
Melony,Sidaway,9861347178,2,1161386726,Bennie
Clemmy,Chiverstone,7881577126,4,4563785881,Brande
Reid,Buckner,8945617264,1,9299820309,Chip
Cecilio,Mewitt,9408188578,3,3288961350,Laurice
Florella,Farfoot,7049231177,2,4953325451,Boothe
Ragnar,Ponnsett,7663586522,4,2581646969,Rubie
Elvis,Bertram,0825065232,2,3746072182,Elwin
Jillana,McGuire,5337196375,1,5466340588,Gualterio
Tann,De Rye Barrett,0280441010,3,4906050352,Sherry
Bartholomeo,Dibson,0488762456,3,6226317078,Doug
Lynn,Gook,7335686598,3,6926414130,Sylas
Selene,Kiljan,2880165180,4,3103135017,Constantin
Kendal,Plak,5468309769,3,8042033869,Alli
Arie,Cudiff,9347547514,2,2197763601,Frasquito
Erinn,Bewlay,9353696712,2,3539382836,Porter
Ulick,Elkins,0854273999,2,2760810232,Hartley
Hoebart,Whoolehan,1177706288,3,6386687884,Kyle
Thaine,Kas,9546522031,4,8675776004,Madella
Francesco,Ginity,2969149028,4,2926284497,Kerwin
Traver,Markwick,2131830351,2,0407358897,Matilda
Oliviero,Spondley,8390333112,4,7060020519,Dalia
Lanni,Britch,0448026740,2,5136675829,Thatcher
Estel,Latehouse,4347722850,1,2466305321,Angele
Berny,Battaille,7881717335,1,5762400689,Ariela
Margy,Sharville,7194099756,1,9956931950,Sibeal
Amby,Franzini,2510892908,4,6719446150,Hope
Hodge,Tomasello,3320169459,4,7620255931,Pavia
Etienne,Elijah,4192462397,1,9974325404,Ermanno
Jill,Canceller,4438760569,4,3954680556,Felecia
Dame,Romney,7960183104,4,3575985928,Dionne
Roger,Mundow,6888496937,2,9884028117,Kristien
Haleigh,Jesse,9459819877,2,0310625416,Kerwin
Bobbie,Karpychev,2539373968,3,3424591823,Katy
Daisie,Myles,0010438904,2,6622136955,Beth
Josephine,Barti,8343560965,3,4667998245,Shaylynn
Angil,Ashwin,0620690402,2,8853906197,Finn
Averell,Meynell,9018580945,3,0648841553,Bree
Nanice,Laurencot,4745633955,1,8161604932,Loni
Brandyn,MacNalley,1838100628,4,5623683762,Fremont
Eva,Smitherman,9643011240,2,0989329445,Agna
Amy,Clancey,6772405005,4,1334243913,Jarrett
Edy,Keeltagh,1289978557,2,6444519829,Hillary
Brenn,Rope,8607587129,3,7428071011,Shari
Goldia,Trebilcock,2695083483,4,8082845821,Emelina
Bronson,Trammel,6649163554,3,9231246615,Eryn
Geri,Danilovich,5910638017,4,6488235168,Marena
Curr,Reims,0598606785,2,8935835382,Vail
Buck,O'Scollain,6254637057,1,1641929553,Nellie
Abby,Sickert,6441114577,3,5647294227,Greta
Chryste,Scotchmoor,8771207074,2,5433044386,Jonie
Foster,Bricket,4568800528,1,7988764764,Sherrie
Maurene,Bannester,4179617226,1,4933203199,Elfie
Roosevelt,Joscelyne,9416150320,3,3335197291,Pippo
Deina,Wheldon,9800552707,1,6470214010,Hedy
Patrizius,Sciacovelli,8275524938,2,3377226915,Raddie
Renard,Rosel,4569060412,3,1269265075,Ayn
Elmira,De la croix,3747170234,1,8170212316,Chastity
Cristionna,Baterip,1858050812,2,0625403940,Gusella
Brooke,Phillot,7998187654,1,8135532482,Cosmo
Jewell,Offin,1221751735,1,3813156001,Caesar
Rube,Whitmore,8093084967,4,1353114708,Darleen
Charita,Febry,2604264641,1,9451770348,Ingeborg
Jessa,Segges,4779395151,4,1074036271,Gert
Rickard,Ranns,4994610754,1,8837036272,Kathryne
Val,Victory,9695661777,1,1846439280,Stanton
Ringo,Goodbarne,7961954686,3,3692424493,Roanna
Blondelle,Templeton,7811941236,4,6640239310,Raimondo
Wilbert,Metzke,4225047717,1,0222625856,Amity
Maisie,Getch,9450712069,3,0347987869,Marcelle
Brendin,Randales,5391694388,3,6110040630,Giulia
Margareta,Sitch,4865156070,2,2589652917,Goldia
Engelbert,Heibel,3247828753,3,2018220047,Jackie
Rheba,Mecozzi,7779812219,4,1483263290,Eziechiele
Stanley,Itzakson,6337093194,3,0132706547,Isacco
Daphna,Snow,2244384845,3,3873023830,Heddie
Celka,Iannitti,1635551366,4,2382072377,Leonard
Herta,Clemmett,3633653864,3,6565750548,Modestine
Winn,Whitbread,1282322508,3,6822903909,Meade
Belva,Pinney,5011957454,2,2402930977,Charlotta
Dannel,Krahl,1743427522,3,1749517892,Barry
Elfrida,MacGiolla Pheadair,6934303717,1,9907897310,Cassy
Kenyon,McCobb,0599963263,1,7521051750,Jack
Audry,Chstney,9854458601,3,0251411400,Caitrin
Zola,Dermott,4669708236,1,4359296185,Ree
Terza,Attfield,7436402978,4,8480078286,Carlotta
Dolli,McAllan,3801185583,4,6302703840,Glyn
Arte,Heartfield,0649640519,1,0864918941,Tallie
Zorah,Bruggen,0753030950,3,7720393252,Penny
Elsworth,Legrand,0844233455,4,8303476297,Cameron
Agata,Sunley,1564392481,2,6901651198,Wallie
Darn,Gerssam,6279768082,3,4731134439,Celine
Olva,Dakin,3018400224,2,0143903454,Richard
Kym,Hastings,6481112095,2,5046455803,Demott
Salomone,Burchett,5342261600,3,8820543680,Yelena
Tonye,Origin,5943152792,1,0359033261,Yul
Deloris,Lindblad,2161526707,1,4819019929,Philipa
Riki,Fairclough,3262152927,2,1324195959,Layne
Tyne,Crain,8348147454,4,0187574502,Jess
Hadlee,Colisbe,7237178466,2,0358106486,Heath
Marv,Stallard,0068897847,1,0647176203,Rhona
Grissel,Jardin,5942515034,2,7934030096,Dorey
Dionisio,Ciotti,1159015716,2,4358263305,Deeanne
Dmitri,Devereux,4032081301,3,0702268119,Sal
Ericha,Kernoghan,0538597534,3,6781829688,Lanette
Dulcia,Scrooby,8108201047,3,3103825447,Ann-marie
Ettore,Feetham,6429020169,4,8442238042,Josy
Dulsea,Polon,4466408793,1,2591835683,Esther
Ives,Garbar,8407125059,4,9824517693,Britteny
Lainey,Dunton,0571828280,4,5670385942,Natalya
Astrix,Peele,0036488054,2,3567081977,Baudoin
Wendy,Georgeou,3606031971,2,2844183042,Manuel
Trudey,Baillie,1391070658,1,1227551878,Robby
Gusella,Slucock,4780082811,2,1788100549,Hardy
Frayda,Tolputt,7219668805,1,0248454374,Shirline
Carlyle,Dudden,9345531475,2,4168902544,Valaria
Kingsley,Borwick,4183684323,4,0850023246,Patrice
Glenn,Macklin,4259752790,3,6494516467,Jacquenette
Fredrick,Passler,1923923730,2,2324646307,Babette
Trever,Banton,4636631986,4,4723124098,Evangeline
Piper,Richmond,4096226637,2,6753132058,Jerry
Joellyn,Mawne,1444354744,2,9428263206,Isaak
Rickert,Finicj,6893242077,1,5718142114,Jeno
Marybeth,Dugood,8729977789,4,4567763181,Dannel
Jillana,Rosendahl,9562539814,2,4730562100,Bili
Justen,Batson,3065307243,4,2534772333,Roseann
Northrup,Bemand,2657819826,1,4765284719,Bartholomeus
Marrilee,Lasham,1092318070,4,3159917843,Aura
Nessy,Naseby,3138638899,1,0783977689,Kathryne
Cullan,Goodlet,7723942117,1,0460911368,Carry
Adda,Garthside,8818271261,3,3705691813,Adams
Bevvy,Senett,0434631736,4,6537715881,Nicholas
Constantino,Delnevo,8005350562,3,2142385249,Asia
Jose,Tann,3085828362,3,2635492859,Ban
Rudolfo,Mulligan,5277112758,2,2043621386,Stacie
Cary,Slixby,3377280359,2,9334035153,Bert
Nappy,Lansberry,9072560612,2,3175909655,Billie
Harry,Clelland,8012914867,2,6336820122,Editha
Reade,Sussans,2692581792,1,7336336477,Kassey
Trip,Ricca,1947512803,1,4107872645,Culley
Tome,Moses,9238888337,4,0244715734,Richmond
Abbey,Coulthard,4288353270,3,9127642763,Boigie
Paulette,Carnew,2916397663,1,4834158608,Stephie
Thea,Attwoul,5021049674,4,7691876505,Locke
Billye,Bowdon,7858576186,1,1018357149,Clareta
Jasmin,McAuley,5527789482,1,1800249594,Raddie
Madella,Veillard,2571395998,2,7241345428,Curtice
Dusty,Caffery,3110720957,4,3909706517,Archibold
Gar,Filippucci,2341904483,2,7502634266,Yvette
Bella,Szymaniak,4957672644,1,3789856355,Betteann
Sher,Palin,0998147028,4,7752486043,Shandee
Berta,Cowap,7767554716,1,6708444658,Herman
Arlena,Stuehmeier,0641619200,1,3918651495,Levon
Dulciana,Scanes,6081458113,3,6461703330,Nathalia
Dori,Rawnsley,0982730039,2,6179084238,Cahra
Jory,Bouldstridge,2590194242,3,7816673655,Jo ann
Marla,Kinningley,1050000315,3,7086611972,Lelah
Ludvig,Ayris,5834108415,3,9016797122,Devlen
Cornelia,Pleasants,1254184104,1,7970780725,Madelin
Madlin,O'Hear,1761789600,2,2303757851,Zarla
Frieda,Keates,5779588813,2,9230058548,Rich
Prisca,Goadby,1646711890,1,9972799212,Lindsey
Riannon,Lissandrini,4920057032,4,2064151265,Wilmer
Brucie,Footer,3787469370,1,2730397299,Meg
Carly,Venus,7447710156,3,3275006843,Jessika
Ursala,Aulds,4538925691,3,9313443074,Codie
Allyson,Hillburn,3092210417,2,4817645008,Edgardo
Marybeth,Scantlebury,9487464298,2,1350146129,Luce
Garreth,Gladwin,5230584505,3,1162683597,Alexei
Malanie,Laurenty,7778494434,4,1185266410,Leone
Grazia,Frantzen,4597395393,4,7592889110,Avery
Tadeo,Haslewood,7258805036,3,3317480920,Noelani
Julietta,Helks,6093998967,3,4981075529,Aida
Gregorio,Leisk,6560287246,4,4672171159,Eddie
Neilla,Keating,5534325453,2,3489175131,Jelene
Leslie,Santer,0346518628,4,2750598141,Demetris
Tibold,Kingham,7899098882,4,5506715781,Benedikta
Sherwynd,Fazan,1973329417,4,8234677020,Bobette
Joseph,Footer,2452970336,2,9861248471,Angela
Elissa,Alty,8727253341,3,9198111469,Bernie
Francisco,Claeskens,0126109257,2,1855963922,Ford
Lorraine,Yukhnini,1009364979,2,8699083378,Ken
Kaleb,Iohananof,9001977243,4,9451453075,Dina
Hube,Wray,7196325648,2,5656701662,Taber
Issi,Holberry,7598625409,2,1093872780,Marthe
Raynard,Blamires,3766574728,4,0036658294,Ruddie
Madison,Ghidoni,0343466341,4,8849461399,Quentin
Ula,Ruddick,3086558032,4,1445666022,Freddi
Garrik,Muggeridge,3932776070,4,0986832200,Bran
Adriaens,Issacof,6624612908,1,3694134808,Melita
Harold,Halward,9690360329,2,2028574313,Fabien
Lilith,Valde,2499810211,1,6542564853,Lucina
Bobbee,Freemantle,3105285652,2,9931956429,Seamus
Diane,Boutflour,3249445444,1,9815247328,Mariele
Serge,Lie,7534220610,4,2097963951,Jolee
Dario,Scholefield,2433624851,2,3873843293,Nyssa
Harlen,Elsegood,0662805321,4,6506659459,Devin
Mindy,Risdall,6151132378,3,9011990889,Sada
Lyndsay,Gauson,5111549722,2,8370894224,Shell
Katerine,Bloys,3568747162,4,5076820143,Mareah
Christoffer,Mellodey,2999752687,3,4219850791,Murdoch
Lucie,Bercher,9047181727,2,1483630757,Lenore
Abbe,Bonnette,0477555438,4,5404279699,Crosby
Cara,McGovern,8975159620,3,2064159150,Robbin
Harri,Medlicott,2103478401,1,8009099325,Ada
Idell,Fullerlove,7548642253,2,2334959901,Marylynne
Nikolia,Missington,8346421435,3,9826699586,Dalila
Deane,Anster,4325061665,3,1456265989,Dewitt
Leonie,Cranefield,0454309414,1,3490985419,Saudra
Binky,Callendar,2103270886,1,1709490799,Ainslie
Codie,Gurley,7748402159,4,6547991741,Roanne
Courtnay,Goburn,4292389403,2,6888740501,Louisa
Derby,Spradbrow,4387458984,1,4375293616,Idette
Hailee,Claypool,2703324618,3,6834286276,Karissa
Kristofor,Itzkin,2179637632,4,7663272862,Ardys
Cindelyn,Gillings,1460973410,4,4222086703,Gianna
Rob,Whitehouse,8009896977,1,6208608392,Donny
Stormy,McLurg,9175209888,2,2255088975,Domingo
Terrell,Insko,6916743247,2,2314960165,Maddie
Charis,Troop,4201755010,2,8403763913,Huntley
Sancho,Fontell,2769237446,2,3458065156,Reginauld
Abdul,Juschke,9366327850,1,3891306377,Robenia
Rinaldo,Barsham,5753731333,4,9338078035,Mortie
Priscilla,Bridgwood,8964615255,1,1133153135,Keven
Maximilianus,Gosz,2767909110,3,2785553411,Bobbee
Dean,Surmeir,8093776370,1,5656394298,Carny
Moises,Phifer,5905544514,3,8070223812,Hakeem
Linnell,Mc Coughan,0338675914,4,7182844753,Monique
Karilynn,Kosiada,7090350436,3,3923621418,Yvonne
Jobey,Beau,2716740925,4,4283513873,Natalie
Gilemette,Widdop,6709352625,2,9680944972,Emmalynn
Silvano,Foulsham,5014020194,1,6032510220,Fabe
Lonnard,Bielfeld,6034517753,3,8190903578,Zak
Fernandina,Birney,7680979499,2,6214091657,Casi
Granthem,McKinie,3815533856,1,5846725287,Sherilyn
Silas,Kubach,0296948837,4,9053900667,Burk
Ferd,Paulo,6054742493,2,0144304678,Merralee
Abey,Cherry,5189898229,1,4979108199,Stuart
Correna,Shearwood,9924044010,1,5347586079,Rutger
Benedikta,Langhorn,2429827123,3,4248868733,Elora
Clarabelle,Murford,9620234588,4,4320244427,Vikky
Lorelle,Veysey,4665507708,4,8572505393,Matthew
Faina,Stopford,3299625225,3,0949722839,Shir
Wadsworth,Gillions,5832675614,4,0102583110,Bram
Julina,Sarfati,6425551445,2,8944311749,Babita
Mata,Rickis,1234280876,4,2701019176,Garret
Christiana,Finlan,1681560380,4,5854645769,Carmina
Osbourn,Roome,3747920608,3,3316270914,Nolly
Doloritas,Lauks,2686284374,4,6975336180,Coretta
Chev,Peyton,0872719421,2,3816756824,Dinny
Stevana,Shurlock,9459434681,2,6684504702,Theodora
Den,Wince,7150672191,1,3881007512,Berny
Matty,Saxton,0300597932,4,1736976311,Cullie
Halsy,Oldridge,7662675327,1,3368871366,Maximo
Geordie,Leifer,4475533678,3,1308603584,Helli
Maria,Vivian,0137013469,2,3221784422,Nil
Melvyn,Mackilpatrick,6103585341,3,9255196251,Tammy
Westbrooke,Symington,3142926879,1,3518079182,Tobye
Levin,Gotling,9069219220,2,8619794027,Roberto
Coralyn,Cunniffe,4136547862,2,3239860368,Brittney
April,Sreenan,0767701003,3,2616910934,Meryl
Field,Penwell,4564146165,2,2443692906,Sue
Marya,Humbert,6273125325,1,2084837634,Rosy
Norrie,Goulthorp,5534176555,2,6110057258,Cornelius
Ikey,Dusting,1599609681,3,4797834013,Ernestus
Rani,Torrance,7818472770,1,4730502523,Napoleon
Lilllie,Kulvear,9931038276,3,4987193841,Cristy
Fredi,Kubicki,6119664378,1,5484920434,Gray
Olive,Brumen,7052088657,3,0108581578,Nestor
Kristin,Revelle,3977704141,3,3089157624,Vittorio
June,Dine-Hart,5478746991,2,1047781913,Cyrill
Kirsti,Durnford,6223768397,1,9074037879,Gabriellia
Silvan,Sterke,0763417998,3,1109192495,Charmaine
Yanaton,Proschke,8775050447,3,0512547386,Cyndy
Christean,Heiden,5685011377,4,9285826717,Englebert
Emma,Climo,1209535939,2,9051679629,Clem
Elly,Benbow,7594088352,3,5564625048,Elspeth
Cissiee,Tatteshall,0089280946,2,3874568423,Timotheus
Genevieve,Pitts,0488222834,2,6685778679,Marchall
Kristen,Faiers,0900864125,4,9481732711,Cass
Brittney,Hinzer,7358005309,1,4545842127,Aloisia
Viki,Congram,3604332516,4,5670384962,Sidonia
Bartlett,Rowet,4000064193,4,0345012992,Jillane
Bettine,Daoust,5818135608,2,7652151783,Raye
Haleigh,Sollis,2760304302,1,7059344195,Gennifer
Leticia,Barrie,2624474064,3,1447962567,Carol-jean
Saunderson,de Marco,5666705865,1,2776083602,Thomasina
Jaquenette,Pardi,9806432533,4,3525562608,Caye
Jaymie,Gannaway,5626263624,2,7671188085,Johanna
Coraline,Spere,3026671851,4,9582861096,Alfreda
Brear,Greeding,8787749815,3,4699139175,Vivien
Marys,Barrus,8158241050,3,6728719229,Christoffer
Linoel,Renison,1994280344,2,4120431932,Odey
Peyton,Barrand,3567395939,4,3839283841,Boothe
Yettie,O'Carmody,3920649281,3,5604177156,Rhodia
Odetta,Covet,5848318328,2,5905810834,Pollyanna
Ferdinand,Kelland,0226431673,4,9845738915,Xenos
Padgett,Morde,0750983795,2,8350226153,Luci
Grace,Carcas,4825555861,4,9810403283,Spike
Erwin,Davydkov,3826274563,1,9578264968,Hamish
Camellia,Wegner,2561806324,1,9567343039,Ailsun
Arel,Pyne,8818956337,3,8940528107,Sophia
Woodie,Burton,8609544990,1,3038710121,Zebulen
Lucho,Stroton,5779861722,1,3442665817,Berny
Rosabella,Scotchmoor,9768949007,2,0139409815,Queenie
Kattie,Crinidge,1978191960,3,8855077090,Dorella
Flor,Daveley,4667381965,1,9810756372,Arabel
Kaye,Chestle,0870702726,3,6090644951,Nina
Addison,Gentsch,5194041543,4,7419965102,Lauritz
Jefferey,Kettell,2473958793,2,3728587397,Yolane
Brynna,Bolderoe,7956084873,1,3553758171,Clerkclaude
Domeniga,Meakin,1206050705,4,2211929990,Franchot
Neall,Shevlane,1626379580,4,6928996986,Dolley
Lowrance,Sloyan,6262883304,4,7823859157,Bonnie
Georgie,Varcoe,0835194353,1,9713656911,Shem
Dalis,Asbery,4296667661,2,3335884272,Florentia
Annemarie,Odams,9441844381,4,4908793697,Star
Ashlin,Fairfoul,5877357514,2,8958508175,Vivianne
Anatola,Tilne,3749175152,3,8810014456,Madlen
Trstram,Poller,9597359553,2,0302282742,Veronike
Chrissie,Eastup,6140961203,4,3046177968,Kit
Friedrich,Tasker,3306900389,1,5779520925,Marie-jeanne
Leah,Winthrop,7289304292,3,8352285742,Clem
Aggie,Fendt,5431169181,3,6769347326,Katherina
Mose,Euesden,6018072777,2,2349104451,Pinchas
Buckie,Jager,2701427827,3,6125604152,Florina
Leta,Glisenan,0036689599,1,0540660019,Waylan
Enos,Father,8217949166,3,2476755915,Jolee
Lowe,Farady,4856325035,1,5457122433,Ignaz
Karl,Drivers,8677455140,4,1585695130,Aldwin
Des,Ellar,9291465372,2,0731397967,Nadiya
Merilee,Callen,0323387772,1,8154230291,Darrick
Julio,Letixier,6571686392,4,3929157411,Cash
Nanice,McKelvey,9747931362,4,4211365037,Clarette
Morena,Driffill,7259387076,2,7296351470,Rosabel
Roxi,Nibloe,4979033806,2,7412458582,Barrie
Vivienne,Broseman,6782640880,2,3325022529,Myrwyn
Karole,Gerrets,3031863291,4,3843470103,Giffie
Hyacinth,Bleier,0341001724,3,6677389073,Janeen
Charissa,Burden,6039736364,2,7556341801,Scarlet
Lynnea,Popeley,8639190356,4,8539452723,Ad
Regine,Baillie,5403123865,3,7517384686,Chelsae
Weidar,Sausman,0286003821,1,1600023002,Goober
Britt,Coxwell,4973512400,1,0356751317,Eugenius
Susannah,Gorler,1940334659,4,8213720288,Yuri
Helaina,Canlin,1433243849,3,9869062482,Viviene
Adriano,Kerford,8076219744,3,8712206229,Lorilyn
Dewitt,Forge,6840314650,3,2541679963,Margalit
Sophronia,Pargetter,9007740342,1,0126443289,Anthiathia
Gustavus,Cater,8202086175,4,5981839511,Kinny
Salem,Dommerque,0000616389,3,6522033194,Fulvia
Gabe,Borrell,7518955067,1,8448440986,Madeleine
Oralee,Casillas,6074089434,2,4585667784,Cecilius
Reg,Clutten,2299490612,3,5594830693,Nancie
Magdaia,Montilla,3985300402,4,6065189278,Claribel
Ermin,Nand,5975253543,2,0151226865,Barn
Lazarus,Howles,9208250512,3,1309777063,Haskell
Audrey,Goodson,1496167279,4,2886275611,Katya
Dasie,Ceschini,7395211766,1,5241232605,Adrienne
Kay,Hegges,6552963858,1,7431806582,Nixie
Devin,Hunt,7724256284,3,1807633535,Gabriel
Denney,Rockliffe,6533548972,2,6928267100,Dalia
Brinna,Briance,9728405057,1,8879687794,Ki
Granger,Clapperton,1522935819,4,8411424952,Ellswerth
Cyrille,Korous,6441421437,3,5841334131,Rhona
Hamid,Shave,3300436788,4,6323071185,Dion
Lind,Durrans,3891591616,2,4341082477,Chandler
Sheff,Ascrofte,7698475883,4,8029337493,Dore
Lanna,Gurr,1839729953,4,0559440847,Ernesto
Anne,Braysher,4475311853,2,9025213480,Guendolen
Willie,MacClenan,5775358198,3,1850144788,Mame
Merline,D'orsay,8401442176,3,8505016866,Lola
Linnie,Espadate,6366887608,1,0492070024,Heather
Bear,Springell,3510473507,4,2038583714,Thom
Maure,Haig,6511873765,1,9421621352,Seymour
Keith,Curd,6695134499,4,9160441275,Cristy
Faina,Debold,5974187253,4,4288930987,Missy
Francesca,Dulson,1027184170,1,5572071927,Iver
Lezlie,Maciocia,9930641793,2,9845439772,Ches
Frank,Dumbrill,8528806391,1,0799125806,Danit
Sindee,Batrick,9483090539,3,8826017476,Arvin
Hestia,Falkus,7705420457,4,2420076281,Wilow
Kikelia,Macrow,3967439976,4,0029373875,Leeanne
Delmor,Laugherane,3146128985,1,6599512240,Erminie
Jen,Ivanyushkin,9822332335,3,8399465445,Langsdon
Eward,Bowton,7061638427,2,0986531944,Lorianne
Eugen,Mateiko,5631845156,3,3715356308,Rosana
Candida,Zaniolo,1851346023,3,9589137393,Vera
Toinette,Irwin,1380823161,4,4808348012,Ariel
Wyatan,Hirche,1628252804,1,4425669363,Constanta
Gussy,Giamo,4693958948,4,3098779578,Claudio
Alta,Randal,9190231325,1,9631087751,Katlin
Rosalie,Charsley,5875462930,1,3760528163,Fredelia
Jarid,Josilevich,3920802373,4,3098078502,Ivette
Floris,Crichmer,9069109948,2,5746823708,Lenore
Derron,Duckels,2725920213,2,8464097727,Raphael
Corbie,Palia,7232857764,3,5349869884,Keith
Jerrilee,Shimmin,6510169363,4,1444870157,Veronica
Preston,Chidley,2288448180,2,0787327107,Marjorie
Justino,Gallegos,7675931009,4,0248271229,Virgil
Rik,Buxey,9992586354,3,7049608971,Domini
Iolanthe,Harmour,5994832561,1,9923263711,Towney
Charles,Rosser,5410990870,2,2233875508,Tisha
Nichol,Dahlborg,5145560451,1,0345550811,Corina
Antoni,Etheredge,2425701265,2,2535872900,Derek
Haskell,Dupoy,2102391213,3,4298992551,Filmer
Vincent,Kingshott,6563563325,4,3986371176,Randene
Rubia,Portch,1845121449,4,6706573493,Hersch
Aimee,Juliff,7277182804,1,6141529542,Beckie
Artus,Skerman,5381722060,3,5422141733,Dolph
Domenic,Fowley,2389765076,2,5095835126,Waylan
Archy,Winsbury,4325790993,4,3089883139,Griz
Margaret,Du Fray,5383902287,2,5130292251,Lou
Annabal,Poxson,1870715969,1,0580048543,Allyn
Jolie,Skala,7712143099,3,7508109325,Alastair
Laryssa,Dormand,9390894816,1,6104020720,Mary
Domenico,Eles,5370065063,4,8453561478,Adelheid
Edwina,Adamov,2255908220,2,3085723757,Maryjo
Cherida,Ellingham,3541152478,1,6007337146,Steffi
Billi,Broyd,4312036810,4,4914558459,Yvor
Harper,Hoyes,7052884631,4,6559185818,Chloette
Kahaleel,Humpherson,1334592578,2,0470872411,Kamillah
Skell,Seagood,1106014898,3,5458833554,Toma
Nickie,Cropp,9907294020,2,7080181844,Katusha
Isabelle,Jolliffe,3993205197,1,3604503671,Jaclin
Jard,Goldingay,6454521583,1,1327719622,Orton
Dani,Goldsmith,0245413936,3,9238034575,Salmon
Monroe,Thraves,2961066875,4,2930086335,Hobart
Johnnie,Hellin,7433124926,2,7993471575,Donelle
Steffen,Constantine,5469981452,2,3491420520,Peder
Rene,Pighills,0909261792,1,3225561045,Jamaal
Cherish,Halms,0435867210,4,6642130383,Valli
Linet,Fulep,5923529378,1,3922066569,Kamilah
Elnora,Kibble,7001783501,4,9905294538,Sampson
Philippine,Hurrion,1977706908,2,3738342508,Chuck
Marcela,Youings,1145698549,3,9011269705,Marietta
Lodovico,Yanov,1333328729,3,6407116627,Bail
Anthia,Bartod,3443430732,1,3353088822,Ray
Ezri,Shovell,6364262597,3,1895406579,Bonnibelle
Hermy,Banbrigge,3162368987,1,7052995115,Ethelbert
Bobbee,Kelledy,7079487102,1,0493037659,June
Ade,Balderston,1797332511,1,2840209608,Eberhard
Isabelle,Hallut,9555956383,2,6398419073,Evelina
Bobbe,Ayree,9281360365,1,2319383573,Shayne
Laverne,Hambrick,8381029023,4,2469750806,Wally
Sonny,Strain,3503461264,1,1601518285,Dara
Berkie,Schimonek,5407296144,4,2391876165,Miguel
Karry,Kinkaid,7648977036,3,7060220518,Georgeanne
Liz,Greenig,0032802072,4,5485618030,Jane
Mellisa,Normanville,9986007240,4,1161643052,Tatiania
Ruthann,Mainland,6878901804,3,8885161596,Gabrila
Baxter,Hewlings,1736872303,4,8009471380,Vlad
Nelson,Fissenden,5663375325,4,7357068552,Haroun
Brianna,Niland,4025960443,3,4733522819,Aloysia
Emili,Brabban,0143666800,4,2864121980,Karel
Wheeler,Filippozzi,2754425845,2,8034193453,Braden
Corbie,Klulisek,7256310609,3,0688679129,Philippa
Shina,McCurrie,0743480988,4,0554756404,Lindsay
Powell,Elfitt,3175000894,3,4002237621,Efrem
Matilde,Agett,5738565959,1,4968732511,Kay
Etan,Shireff,0638892368,4,7528008990,Kerwinn
Dina,Dooney,7919718627,2,2311840177,Hobard
Corliss,Poat,9587337670,3,1036321738,Clemmy
Clo,Messenger,5735050958,1,1264637063,Carree
Clarance,Barents,5808969689,2,5405201006,Lammond
Juan,Christou,9439888709,3,4278240120,Hurleigh
Aland,Lenaghen,8900949128,1,2223132456,Roderich
Hendrik,Blais,5376395022,2,9784410109,Lolita
Somerset,Tassel,5900417700,1,8933793100,Esmeralda
Tessy,Millier,0853429006,2,3171502593,Brander
Crissy,Siveyer,6249305580,3,8804236124,Leoine
Katharine,Rothery,4947503424,3,9363818489,Bert
Vaughan,McJury,3731207397,1,5573447505,Cedric
Jesse,Dupree,4993024010,4,7593967131,Major
Alasdair,Whalebelly,1748459414,4,8906392516,Terra
Derril,Rulton,2959740521,1,8730416191,Kendell
Mareah,Glanton,8901759217,3,3412675652,Darlene
Reece,Tournie,7346438353,3,3563836590,Torrin
Ludwig,Van Halen,5597158414,4,5387178516,Sula
Millie,Laurens,2053861665,4,4905736463,Eulalie
Elnore,Ryson,3705613189,2,3857675977,Edgardo
Andreana,Coalburn,4874994229,2,9124472689,Marcellus
Cathrine,Deignan,9147791268,2,3488630315,Belinda
Lemmie,Hollindale,1875183027,3,2151243427,Quentin
Yorgos,Cornau,4232336737,3,2830677846,Holly-anne
Shela,Cardozo,1202618413,1,9610659276,Cyrille
Corney,Sachno,0817526919,4,8901353792,Reade
Cherise,Peeter,9483871859,2,3333395320,Sharyl
Maurita,Wolford,1457962934,1,7280242391,Pearle
Chiarra,Aldie,0622111566,2,9965621217,Markus
Cordell,Corroyer,8662160611,4,3928203770,Francene
Lenora,Carmody,1022187694,4,6050500088,Horatius
Bentlee,Swiffen,9970286498,2,8973631292,Kaspar
Melodee,Doring,1452846596,4,3957672643,Mara
Adora,Meeson,8821932826,3,8598642924,Madeline
Diana,Beviss,0068583427,3,0339449403,Gussie
Essa,Pavlitschek,5285501075,3,5082560190,Gwendolyn
Yolanda,Sloey,2395697915,3,2889546322,Yehudi
Erminie,Clemenson,4068839735,2,9968624373,Elvera
Bettye,Silbermann,5949809653,1,8458158493,Erin
Victor,Bayns,2158514191,4,4354316803,Vite
Honoria,Jelkes,8008854103,4,6809751106,Norrie
Kathrine,Carrodus,2556760338,3,8474480450,Franny
Denni,Gartin,9349636107,2,2892609054,Conn
Dino,Vasyuchov,3999528761,3,4060808598,Lonna
Angie,Slocket,6336711951,1,7989794489,Candida
Melany,Mosedale,8242335818,1,0188041494,Ree
Essy,Baxstar,6551059600,4,9737400062,Halie
Judon,Gateshill,8414875378,3,9463383093,Ulrick
Eleanor,Oliva,1212743903,2,7608886390,Darcy
Con,Fenelon,6492580109,3,4107329798,Rudyard
Maurits,Andren,8844276917,3,1810754887,Christen
Dolph,Heinssen,4869876116,4,1835390080,Trudey
Con,Ackery,4938365375,2,9178968100,Halsy
Dorrie,Staniford,0541405543,2,7035800441,Egon
Ebonee,Hanner,1169046606,2,7340535217,Zebulen
Elroy,Ianni,1997903466,4,4848049660,Elana
Shay,Ure,1644571765,2,4702963090,Deidre
Xerxes,Pilch,9431843838,3,7508439465,Ahmed
Keith,Garron,8701042645,4,4719639267,Gibb
Justina,Whybrow,4088248767,4,7147360834,Amelita
Kincaid,Ciotti,9927346212,4,2537298349,Kaye
Brittany,Hubbock,0717173739,1,8226776724,Frank
Barnebas,Senyard,6899597292,4,8047240374,Nataniel
Hillery,Brosi,6694134347,3,6508941070,Fransisco
Elwin,O'Duane,8462913942,4,0794632459,Katya
Borden,Colcomb,5488770275,4,9971665506,Meir
Carny,Britner,5334894489,4,2753976155,Debbi
Clem,Stithe,2022318773,1,2841307654,Nikolia
Ethelbert,Jepp,2251974725,2,7105366869,Sergei
Nobie,Gounard,5113308676,2,0124504612,Gibb
Royal,De Ambrosi,1583654402,1,0645712493,Helenka
Tobias,Whyborn,4970320969,2,1506853099,Easter
Elly,Goney,5270162482,2,4741217892,Karlotta
Johnathan,Hubberstey,4064616073,4,4400021920,Marja
Astrid,Dunstall,9939374577,4,2986603149,Berkley
Regine,Frostdicke,8387204404,2,3409996842,Lindsay
Reed,Temperton,8756382405,4,1523410108,Linea
Vance,Flecknoe,4170750616,4,6918378139,Cordell
Idell,Curedale,1925049035,2,3879717745,Friedrich
Teressa,Marcoolyn,2556174412,3,6348839133,Melissa
Lydia,Schustl,5172207775,1,5379082505,Olivie
Moina,Varnes,0909389896,1,7099700715,Cecily
Ed,Borgne,8212046613,3,9814008788,Dinnie
Laina,Muckart,3707703398,4,6833367221,Karlen
Vivien,O'Doogan,0646119923,2,6771424243,Farris
Magdalene,D'Acth,6550050898,4,6039344415,Marlee
Parry,Keep,4926257033,1,0665049617,Chevy
Kaitlynn,Turnock,8119518373,2,0148911951,Bentlee
Verna,Traite,6651429752,3,0038299968,Winna
Valentin,Addinall,5432663058,1,0720731240,Misha
Giustina,Frantzen,0913290831,3,2360897578,Barn
Tades,Petren,8372230404,4,4849757480,Sibyl
Cobb,Millward,5624447736,4,8676047286,Lucie
Dukey,Zavattieri,4845463539,2,5086473233,Susanna
Mart,Asher,6661129638,2,8941615429,Haley
Courtnay,Penketh,6576635885,2,5686643245,Dorothea
Sophey,Othick,7831546472,2,5419749726,Andreana
Nessie,Gatecliffe,0943578159,2,7923329540,Ursula
Benjamin,Duthy,9475463917,2,9823651663,Justus
Sherri,Aristide,6533639757,3,5368363710,Lana
Pet,Boule,1386259381,1,7568900851,Zak
Jania,Dingsdale,2130486223,4,1598799398,Mame
Travus,Murrhardt,8081357254,2,0625369556,Dyanna
Sheila-kathryn,Norheny,0828815690,4,0538376546,Shea
Kare,Syddon,2461793751,1,6368535008,Cordy
Jorey,Sowle,6876676250,3,5351169231,Yasmeen
Alejoa,Firby,8775642425,1,4152866349,Lorry
Carlye,Kibbey,6107141685,4,9619584554,Emelda
Phineas,Neame,5888435406,2,3721285816,Andreas
Dehlia,Cicerone,3439404749,4,6339986382,Aurelie
Sonja,Oddy,0728506394,3,8339480014,Mortie
Sarita,Bache,7022664528,2,2113292904,Trueman
Sapphire,Hatje,3731031868,2,3062819332,Brandtr
Vanya,Attfield,8078765088,1,5179001706,Gus
Trisha,Chastey,3380128384,1,3540640460,Georgetta
Audrey,Alger,0358142016,1,8934408782,Judon
Lynelle,Sinott,2953756876,1,1517677211,Ezra
Elayne,Locks,9327837452,2,9589798802,Hersch
Danyette,Peron,7627682452,1,3350512453,Tisha
Julita,Galtone,7016452034,2,1250878446,Kaela
Amy,Haggish,0232841977,1,3790871036,Cord
Stacey,Paternoster,3246213984,2,4959723068,Alisander
Neil,Onge,5626361790,3,6700551889,Geoffry
Pennie,Gabler,4511905282,1,4603934831,Karlan
Aleen,Wytchard,3296748881,2,3670052771,Maury
Ursuline,Rooze,6113122247,3,3295133565,Kort
Moselle,Riddich,5491717061,1,9788558348,Andrea
Emmy,Bonnette,5060037061,3,0961061839,Angelika
Nannie,Grimolbie,4092798539,2,2816389316,Panchito
Sandra,Yeend,2501901096,4,5244513834,Martina
Humbert,Blackburn,4631742542,2,3581926393,Ronni
Mozelle,Watts,1752435842,1,2791250131,Nettle
Feodora,Castleton,9849231025,1,2256629392,Edd
Emmalyn,Veracruysse,5069123211,4,8546498016,Willie
Alexine,Roan,2694508359,3,3239936569,Guglielmo
Kurt,Ahmad,3662714299,2,7505966685,Lucky
Kit,Munday,6144150099,3,9965202265,Wainwright
Vi,Slimming,2236231253,2,0396255205,Silvano
Aleen,Okenfold,3895720798,1,2268808084,Roda
Cyndy,Larchier,3051065986,2,3121628712,Dara
Sybil,Bulcroft,7779320960,4,7191758678,Devi
